{"cameraMode":{"drawMode":0,"name":"Shaded","section":"Shading Mode"},"sceneLighting":true,"audioPlay":false,"sceneViewState":{"m_AlwaysRefresh":false,"showFog":true,"showSkybox":true,"showFlares":true,"showImageEffects":true,"showParticleSystems":true,"showVisualEffectGraphs":true,"m_FxEnabled":true},"in2DMode":false,"pivot":{"x":0.6920204162597656,"y":2.5394649505615236,"z":5.453916549682617},"rotation":{"x":-0.09397736191749573,"y":-0.8923578262329102,"z":0.21866704523563386,"w":-0.3834952414035797},"size":21.411001205444337,"orthographic":false}